PatchID,XCOORD,YCOORD,ID,MID,FID,sex,age,size,mature,newmature,layeggs,capture,recapture,infection,CDist,Hindex,Species,ClassFile,SubPatchID,L0A0,L0A1,L1A0,L1A1
3,2532969.44,705413.5711,S3_F3_m-1f-1_P5_Y-1_U56,-9999,-9999,FXX,5,103.30202371563956,1,0,1.0,0,0,0,-9999.0,0.0,1,P4_CV0,2,0,2,2,0
3,2532969.44,705413.5711,S3_F7_m7f7_P7_Y0_UO359,R7_F7_m-1f-1_P7_Y-1_U18,R7_F7_m-1f-1_P7_Y-1_U21,MXY,3,85.17889724354032,1,0,0.0,0,0,0,-9999.0,0.75,1,P6_CV0,2,2,0,2,0
3,2532969.44,705413.5711,S3_F5_m3f3_P3_Y1_UO7,S3_F3_m-1f-1_P3_Y-1_U55,S3_F3_m-1f-1_P3_Y-1_U37,FXX,2,78.17327851211542,1,0,1.0,0,0,0,-9999.0,0.25,1,P2_CV0,2,0,2,0,2
3,2532969.44,705413.5711,S3_F5_m3f3_P3_Y1_UO10,S3_F5_m-1f-1_P5_Y-1_U56,S3_F1_m-1f-1_P1_Y-1_U45,MXY,2,78.17327851211542,1,0,0.0,0,0,0,-9999.0,0.25,1,P0_CV0,2,1,1,1,1
