PatchID,XCOORD,YCOORD,ID,MID,FID,sex,age,size,mature,newmature,layeggs,capture,recapture,infection,CDist,Hindex,Species,ClassFile,SubPatchID,L0A0,L0A1,L1A0,L1A1
1,2540470.832,712452.2021,E1_F1_m3f3_P3_Y5_UO1,S3_F7_m3f3_P3_Y3_UO2,S3_F3_m3f3_P3_Y3_UO9,FXX,1,67.10809907894667,1,1,1.0,0,0,0,-9999.0,0.1875,1,P4_CV0,1,1,1,0,2
3,2532969.44,705413.5711,E3_F3_m3f3_P3_Y3_UO9,S3_F3_m-1f-1_P5_Y-1_U56,S3_F5_m3f3_P3_Y1_UO10,MXY,3,92.55677867092004,1,0,0.0,0,0,0,-9999.0,0.125,1,P4_CV0,2,0,2,1,1
3,2532969.44,705413.5711,E3_F3_m3f3_P3_Y5_UO0,S3_F7_m3f3_P3_Y3_UO2,S3_F3_m3f3_P3_Y3_UO9,FXX,1,69.85151245089448,1,1,1.0,0,0,0,-9999.0,0.1875,1,P2_CV0,2,0,2,0,2
3,2532969.44,705413.5711,E3_F3_m3f3_P3_Y5_UO2,S3_F7_m3f3_P3_Y3_UO2,S3_F3_m3f3_P3_Y3_UO9,MXY,1,69.85151245089448,1,1,0.0,0,0,0,-9999.0,0.1875,1,P4_CV0,2,1,1,1,1
